Number,Name
23,Cole N Poling
36,Sol K Roger
58,Stephan Q Ranger
80,Elsy B Latta
81,Sherwood K Shire
119,Nettie T Mccandless
131,Honey D Eaves
158,Jocelyn Q Scotti
162,Walton S Keim
165,Inocencia Z Buteau
202,Bell N Molinaro
244,America V Lobel
253,Vikki N Lezama
254,Allyn O Farrior
259,Valene Z Woodmansee
264,Scott D Torrey
302,Deanna P Scoggin
319,Maximina K Frates
329,Detra D Rymer
336,Gabriel E Pearsall
343,Narcisa C Rayburn
352,Harland S Renshaw
372,Keila A Lucas
374,Bennie E Manfredi
387,Larry K Mash
404,Benny S Brinker
410,Lamar W Estill
417,August C Navarette
425,Violet L Ertel
429,Julius Q Stock
444,Therese Q Belden
515,Vernell X Amado
520,Bernie M Kish
531,Launa N Kohl
549,Laurena P Caston
558,Ela K Hames
569,Patria D Riedel
573,Brendon E Mone
601,Asa E Kunze
625,Alexis Q Grose
638,Hong M Townson
644,Ken X Weisberg
716,Shanti P Brinegar
721,Adelaide L Harrop
729,Sammy C Holtzclaw
731,Amiee Z Chaffins
734,Kimberlee J Hawkins
746,Jayson S Carrol
776,Toney O Gentle
809,Toya B Rawlins
820,Lenny U Rister
825,Janie P Caswell
851,Cedric N Cavallo
857,Jody K Rude
905,Toney W Bollman
944,Reynaldo S Service
957,Sarita P Schubert
987,Lorriane P Ho
999,Katie N Kinnison
1026,Taneka Q Church
1035,Margrett M Confer
1038,Adalberto W Creek
1040,Grisel R Whitty
1043,Wm S Goldschmidt
1088,Bridget D Spadaro
1098,Kassie Q Binder
1109,Loren H Mckenzie
1127,Carlotta T Ryles
1128,Digna Q Eck
1166,Micaela N Buker
1167,Carmelia E Bergeron
1204,Fernando S Korhonen
1225,Keira Y Till
1267,Cameron A Chamberland
1277,Oren M Mcnabb
1278,Susana H Hooks
1282,Garrett S Nolette
1288,Buck H Rancourt
1293,Tiny Q Llanos
1307,Jamaal Z Resto
1329,Dulce E Grizzard
1334,Orval Q Olinger
1336,Elvis J Stroh
1352,Eldridge B Bose
1372,Windy A Dudek
1373,Reinaldo G Castellanos
1402,Candelaria Q Zajicek
1408,Christene F Blakemore
1422,Kenton Q Villalta
1443,Larisa Still
1523,Andrew Detweiler
1539,Jolanda Dewees
1547,Jordan Phu
1550,Doyle Utter
1572,Oren Mcnabb
1578,Garrett Nolette
1602,Lyn Tso
1606,Garnett Dryer
1608,Willia Vath
1628,Devin Hales
1712,Vaughn Garica
1716,Candelaria Zajicek
1719,Cliff Skipworth
1740,Taylor Thill
1815,Edmund Mcclung
1827,Christie Rodger
1863,Tamera Balser
1867,Jamel Meaney
1892,Jon Arvizu
1900,Elvis Veiga
1937,Raymundo Pecora
1975,Stewart Mazurek
1976,Jenni Olguin
2015,Kristopher Alejos
2031,Shavonne Henkle
2034,Dee Joslyn
2056,Latia Gleaton
