,EmployeeNumber,Emplyee name
45,58,Stephan Q Ranger
62,80,Elsy B Latta
90,119,Nettie T Mccandless
123,162,Walton S Keim
126,165,Inocencia Z Buteau
178,244,America V Lobel
190,259,Valene Z Woodmansee
194,264,Scott D Torrey
218,302,Deanna P Scoggin
231,319,Maximina K Frates
237,329,Detra D Rymer
251,343,Narcisa C Rayburn
281,387,Larry K Mash
314,429,Julius Q Stock
326,444,Therese Q Belden
386,515,Vernell X Amado
411,549,Laurena P Caston
425,569,Patria D Riedel
427,573,Brendon E Mone
466,625,Alexis Q Grose
477,644,Ken X Weisberg
526,721,Adelaide L Harrop
535,731,Amiee Z Chaffins
544,746,Jayson S Carrol
584,809,Toya B Rawlins
595,825,Janie P Caswell
653,905,Toney W Bollman
738,1026,Taneka Q Church
799,1109,Loren H Mckenzie
813,1127,Carlotta T Ryles
838,1167,Carmelia E Bergeron
861,1204,Fernando S Korhonen
875,1225,Keira Y Till
914,1278,Susana H Hooks
918,1282,Garrett S Nolette
922,1288,Buck H Rancourt
926,1293,Tiny Q Llanos
937,1307,Jamaal Z Resto
951,1329,Dulce E Grizzard
976,1373,Reinaldo G Castellanos
1008,1422,Kenton Q Villalta
1078,1523,Andrew Detweiler
1086,1539,Jolanda Dewees
1093,1547,Jordan Phu
1138,1606,Garnett Dryer
1156,1628,Devin Hales
1221,1712,Vaughn Garica
1223,1716,Candelaria Zajicek
1242,1740,Taylor Thill
1295,1815,Edmund Mcclung
1303,1827,Christie Rodger
1331,1867,Jamel Meaney
1348,1892,Jon Arvizu
1403,1975,Stewart Mazurek
